date,open,high,low,close,volume,average,barCount
2024-11-15,1046.75,1046.75,1046.75,1046.75,0.0,1046.75,0
2024-11-18,1051.5,1051.5,1051.5,1051.5,0.0,1051.5,0
2024-11-19,1045.5,1045.5,1045.5,1045.5,0.0,1045.5,0
2024-11-20,1041.0,1041.0,1041.0,1041.0,0.0,1041.0,0
2024-11-21,1033.5,1033.5,1033.5,1033.5,0.0,1033.5,0
2024-11-22,1035.75,1035.75,1035.75,1035.75,0.0,1035.75,0
2024-11-25,1038.75,1038.75,1038.75,1038.75,0.0,1038.75,0
2024-11-26,1040.75,1040.75,1040.75,1040.75,0.0,1040.75,0
2024-11-27,1042.0,1042.0,1042.0,1042.0,0.0,1042.0,0
2024-11-29,1038.25,1038.25,1038.25,1038.25,0.0,1038.25,0
2024-12-02,1034.25,1034.25,1034.25,1034.25,0.0,1034.25,0
2024-12-03,1035.25,1035.25,1035.25,1035.25,0.0,1035.25,0
2024-12-04,1035.25,1035.25,1035.25,1035.25,0.0,1035.25,0
2024-12-05,1039.5,1039.5,1039.5,1039.5,0.0,1039.5,0
2024-12-06,1037.0,1037.0,1037.0,1037.0,0.0,1037.0,0
2024-12-09,1037.25,1037.25,1037.25,1037.25,0.0,1037.25,0
2024-12-10,1040.25,1040.25,1040.25,1040.25,0.0,1040.25,0
2024-12-11,1045.0,1045.0,1045.0,1045.0,0.0,1045.0,0
2024-12-12,1043.5,1043.5,1043.5,1043.5,0.0,1043.5,0
2024-12-13,1037.75,1037.75,1037.75,1037.75,0.0,1037.75,0
2024-12-16,1037.75,1037.75,1037.75,1037.75,0.0,1037.75,0
2024-12-17,1033.75,1033.75,1033.75,1033.75,0.0,1033.75,0
2024-12-18,1015.75,1015.75,1015.75,1015.75,0.0,1015.75,0
2024-12-19,1021.0,1021.0,1021.0,1021.0,0.0,1021.0,0
2024-12-20,1029.0,1029.0,1029.0,1029.0,0.0,1029.0,0
2024-12-23,1029.0,1029.0,1029.0,1029.0,0.0,1029.0,0
2024-12-24,1034.75,1034.75,1034.75,1034.75,0.0,1034.75,0
2024-12-26,1048.5,1048.5,1048.5,1048.5,0.0,1048.5,0
2024-12-27,1044.25,1044.25,1044.25,1044.25,0.0,1044.25,0
2024-12-30,1047.5,1047.5,1047.5,1047.5,0.0,1047.5,0
2024-12-31,1062.0,1062.0,1062.0,1062.0,0.0,1062.0,0
2025-01-02,1062.0,1062.0,1062.0,1062.0,0.0,1062.0,0
2025-01-03,1045.25,1045.25,1045.25,1045.25,0.0,1045.25,0
2025-01-06,1048.25,1048.25,1048.25,1048.25,0.0,1048.25,0
2025-01-07,1045.5,1045.5,1045.5,1045.5,0.0,1045.5,0
2025-01-08,1041.75,1041.75,1041.75,1041.75,0.0,1041.75,0
2025-01-09,1046.0,1046.0,1046.0,1046.0,0.0,1046.0,0
2025-01-10,1055.75,1055.75,1055.75,1055.75,0.0,1055.75,0
2025-01-13,1065.5,1065.5,1065.5,1065.5,0.0,1065.5,0
2025-01-14,1069.75,1069.75,1069.75,1069.75,0.0,1069.75,0
2025-01-15,1057.25,1057.25,1057.25,1057.25,0.0,1057.25,0
2025-01-16,1043.25,1043.25,1043.25,1043.25,0.0,1043.25,0
2025-01-17,1044.25,1044.25,1044.25,1044.25,0.0,1044.25,0
2025-01-21,1059.75,1059.75,1059.75,1059.75,0.0,1059.75,0
2025-01-22,1059.5,1059.5,1059.5,1059.5,0.0,1059.5,0
2025-01-23,1063.5,1063.5,1063.5,1063.5,0.0,1063.5,0
2025-01-24,1060.25,1060.25,1060.25,1060.25,0.0,1060.25,0
2025-01-27,1057.75,1057.75,1057.75,1057.75,0.0,1057.75,0
2025-01-28,1061.75,1061.75,1061.75,1061.75,0.0,1061.75,0
2025-01-29,1071.25,1071.25,1071.25,1071.25,0.0,1071.25,0
2025-01-30,1064.75,1064.75,1064.75,1064.75,0.0,1064.75,0
2025-01-31,1060.75,1060.75,1060.75,1060.75,0.0,1060.75,0
2025-02-03,1068.5,1068.5,1068.5,1068.5,0.0,1068.5,0
2025-02-04,1077.0,1077.0,1077.0,1077.0,0.0,1077.0,0
2025-02-05,1068.0,1068.0,1068.0,1068.0,0.0,1068.0,0
2025-02-06,1067.5,1067.5,1067.5,1067.5,0.0,1067.5,0
2025-02-07,1061.5,1061.5,1061.5,1061.5,0.0,1061.5,0
2025-02-10,1064.5,1064.5,1064.5,1064.5,0.0,1064.5,0
2025-02-11,1064.5,1064.5,1064.5,1064.5,0.0,1064.5,0
2025-02-12,1056.75,1056.75,1056.75,1056.75,0.0,1056.75,0
2025-02-13,1059.25,1059.25,1059.25,1059.25,0.0,1059.25,0
2025-02-14,1064.75,1064.75,1064.75,1064.75,0.0,1064.75,0
2025-02-18,1072.0,1072.0,1072.0,1072.0,0.0,1072.0,0
2025-02-19,1068.75,1068.75,1068.75,1068.75,0.0,1068.75,0
2025-02-20,1075.5,1075.5,1075.5,1075.5,0.0,1075.5,0
2025-02-21,1074.0,1074.0,1074.0,1074.0,0.0,1074.0,0
2025-02-24,1068.75,1068.75,1068.75,1068.75,0.0,1068.75,0
2025-02-25,1068.75,1068.75,1068.75,1068.75,0.0,1068.75,0
2025-02-26,1064.5,1064.5,1064.5,1064.5,0.0,1064.5,0
2025-02-27,1058.5,1058.5,1058.5,1058.5,0.0,1058.5,0
2025-02-28,1050.5,1050.5,1050.5,1050.5,0.0,1050.5,0
2025-03-03,1041.25,1041.25,1041.25,1041.25,0.0,1041.25,0
2025-03-04,1031.5,1031.5,1031.5,1031.5,0.0,1031.5,0
2025-03-05,1036.25,1036.25,1036.25,1036.25,0.0,1036.25,0
2025-03-06,1042.5,1042.5,1042.5,1042.5,0.0,1042.5,0
2025-03-07,1047.25,1047.25,1047.25,1047.25,0.0,1047.25,0
2025-03-10,1041.0,1041.0,1041.0,1041.0,0.0,1041.0,0
2025-03-11,1039.5,1039.5,1039.5,1039.5,0.0,1039.5,0
2025-03-12,1033.75,1033.75,1033.75,1033.75,0.0,1033.75,0
2025-03-13,1037.5,1037.5,1037.5,1037.5,0.0,1037.5,0
2025-03-14,1046.0,1046.0,1046.0,1046.0,0.0,1046.0,0
2025-03-17,1051.25,1051.25,1051.25,1051.25,0.0,1051.25,0
2025-03-18,1046.75,1046.75,1046.75,1046.75,0.0,1046.75,0
2025-03-19,1042.25,1042.25,1042.25,1042.25,0.0,1042.25,0
2025-03-20,1041.75,1041.75,1041.75,1041.75,0.0,1041.75,0
2025-03-21,1039.5,1039.5,1039.5,1039.5,0.0,1039.5,0
2025-03-24,1038.25,1038.25,1038.25,1038.25,0.0,1038.25,0
2025-03-25,1038.25,1038.25,1038.25,1038.25,0.0,1038.25,0
2025-03-26,1038.5,1038.5,1038.5,1038.5,0.0,1038.5,0
2025-03-27,1045.75,1045.75,1045.75,1045.75,0.0,1045.75,0
2025-03-28,1047.0,1047.0,1047.0,1047.0,0.0,1047.0,0
2025-03-31,1039.75,1039.75,1039.75,1039.75,0.0,1039.75,0
2025-04-01,1056.0,1056.0,1056.0,1056.0,0.0,1056.0,0
2025-04-02,1057.75,1057.75,1057.75,1057.75,0.0,1057.75,0
2025-04-03,1049.0,1049.0,1049.0,1049.0,0.0,1049.0,0
2025-04-04,1029.25,1029.25,1029.25,1029.25,0.0,1029.25,0
2025-04-07,1025.25,1025.25,1025.25,1025.25,0.0,1025.25,0
2025-04-08,1018.5,1018.5,1018.5,1018.5,0.0,1018.5,0
2025-04-09,1031.75,1031.75,1031.75,1031.75,0.0,1031.75,0
2025-04-10,1039.0,1039.0,1039.0,1039.0,0.0,1039.0,0
2025-04-11,1054.5,1054.5,1054.5,1054.5,0.0,1054.5,0
2025-04-14,1057.25,1057.25,1057.25,1057.25,0.0,1057.25,0
2025-04-15,1057.5,1057.5,1057.5,1057.5,0.0,1057.5,0
2025-04-16,1059.5,1059.5,1059.5,1059.5,0.0,1059.5,0
2025-04-17,1059.5,1059.5,1059.5,1059.5,0.0,1059.5,0
2025-04-21,1058.0,1058.0,1058.0,1058.0,0.0,1058.0,0
2025-04-22,1057.75,1057.75,1057.75,1057.75,0.0,1057.75,0
2025-04-23,1057.25,1057.25,1057.25,1057.25,0.0,1057.25,0
2025-04-24,1063.5,1063.5,1063.5,1063.5,0.0,1063.5,0
2025-04-25,1064.5,1064.5,1064.5,1064.5,0.0,1064.5,0
2025-04-28,1066.25,1066.25,1066.25,1066.25,0.0,1066.25,0
2025-04-29,1058.25,1058.25,1058.25,1058.25,0.0,1058.25,0
2025-04-30,1052.25,1052.25,1052.25,1052.25,0.0,1052.25,0
2025-05-01,1055.25,1055.25,1055.25,1055.25,0.0,1055.25,0
2025-05-02,1061.0,1061.0,1061.0,1061.0,0.0,1061.0,0
2025-05-05,1055.25,1055.25,1055.25,1055.25,0.0,1055.25,0
2025-05-06,1054.0,1054.0,1054.0,1054.0,0.0,1054.0,0
2025-05-07,1055.0,1055.0,1055.0,1055.0,0.0,1055.0,0
2025-05-08,1058.75,1058.75,1058.75,1058.75,0.0,1058.75,0
2025-05-09,1061.5,1061.5,1061.5,1061.5,0.0,1061.5,0
2025-05-12,1082.25,1082.25,1082.25,1082.25,0.0,1082.25,0
2025-05-13,1080.75,1080.75,1080.75,1080.75,0.0,1080.75,0
2025-05-14,1081.0,1081.0,1081.0,1081.0,0.0,1081.0,0
2025-05-15,1061.75,1061.75,1061.75,1061.75,0.0,1061.75,0
2025-05-16,1060.5,1060.5,1060.5,1060.5,0.0,1060.5,0
2025-05-19,1063.5,1063.5,1063.5,1063.5,0.0,1063.5,0
2025-05-20,1065.0,1065.0,1065.0,1065.0,0.0,1065.0,0
2025-05-21,1073.0,1073.0,1073.0,1073.0,0.0,1073.0,0
2025-05-22,1076.75,1076.75,1076.75,1076.75,0.0,1076.75,0
2025-05-23,1074.5,1074.5,1074.5,1074.5,0.0,1074.5,0
2025-05-27,1077.25,1077.25,1077.25,1077.25,0.0,1077.25,0
2025-05-28,1068.25,1068.25,1068.25,1068.25,0.0,1068.25,0
2025-05-29,1067.5,1067.5,1067.5,1067.5,0.0,1067.5,0
2025-05-30,1062.25,1062.25,1062.25,1062.25,0.0,1062.25,0
2025-06-02,1058.5,1058.5,1058.5,1058.5,0.0,1058.5,0
2025-06-03,1063.0,1063.0,1063.0,1063.0,0.0,1063.0,0
2025-06-04,1068.0,1068.0,1068.0,1068.0,0.0,1068.0,0
2025-06-05,1079.25,1079.25,1079.25,1079.25,0.0,1079.25,0
2025-06-06,1083.0,1083.0,1083.0,1083.0,0.0,1083.0,0
2025-06-09,1080.75,1080.75,1080.75,1080.75,0.0,1080.75,0
2025-06-10,1079.25,1079.25,1079.25,1079.25,0.0,1079.25,0
2025-06-11,1076.5,1076.5,1076.5,1076.5,0.0,1076.5,0
2025-06-12,1074.75,1074.75,1074.75,1074.75,0.0,1074.75,0
2025-06-13,1094.75,1094.75,1094.75,1094.75,0.0,1094.75,0
2025-06-16,1100.25,1100.25,1100.25,1100.25,0.0,1100.25,0
2025-06-17,1109.25,1109.25,1109.25,1109.25,0.0,1109.25,0
2025-06-18,1106.75,1106.75,1106.75,1106.75,0.0,1106.75,0
2025-06-20,1102.75,1102.75,1102.75,1102.75,0.0,1102.75,0
2025-06-23,1092.25,1092.25,1092.25,1092.25,0.0,1092.25,0
2025-06-24,1081.5,1081.5,1081.5,1081.5,0.0,1081.5,0
2025-06-25,1067.25,1067.25,1067.25,1067.25,0.0,1067.25,0
2025-06-26,1066.5,1066.5,1066.5,1066.5,0.0,1066.5,0
2025-06-27,1073.5,1073.5,1073.5,1073.5,0.0,1073.5,0
2025-06-30,1076.75,1076.75,1076.75,1076.75,0.0,1076.75,0
2025-07-01,1077.25,1077.25,1077.25,1077.25,0.0,1077.25,0
2025-07-02,1091.0,1091.0,1091.0,1091.0,0.0,1091.0,0
2025-07-03,1096.5,1096.5,1096.5,1096.5,0.0,1096.5,0
2025-07-07,1074.75,1074.75,1074.75,1074.75,0.0,1074.75,0
2025-07-08,1072.75,1072.75,1072.75,1072.75,0.0,1072.75,0
2025-07-09,1067.0,1067.0,1067.0,1067.0,0.0,1067.0,0
2025-07-10,1073.25,1073.25,1073.25,1073.25,0.0,1073.25,0
2025-07-11,1069.25,1069.25,1069.25,1069.25,0.0,1069.25,0
2025-07-14,1069.75,1069.75,1069.75,1069.75,0.0,1069.75,0
2025-07-15,1065.0,1065.0,1065.0,1065.0,0.0,1065.0,0
2025-07-16,1080.25,1080.25,1080.25,1080.25,0.0,1080.25,0
2025-07-17,1086.25,1086.25,1086.25,1086.25,0.0,1086.25,0
2025-07-18,1092.25,1092.25,1092.25,1092.25,0.0,1092.25,0
2025-07-21,1086.25,1086.25,1086.25,1086.25,0.0,1086.25,0
2025-07-22,1087.25,1087.25,1087.25,1087.25,0.0,1087.25,0
2025-07-23,1088.0,1088.0,1088.0,1088.0,0.0,1088.0,0
2025-07-24,1090.25,1090.25,1090.25,1090.25,0.0,1090.25,0
2025-07-25,1089.75,1089.75,1089.75,1089.75,0.0,1089.75,0
2025-07-28,1082.5,1082.5,1082.5,1082.5,0.0,1082.5,0
2025-07-29,1082.75,1082.75,1082.75,1082.75,0.0,1082.75,0
2025-07-30,1072.5,1072.5,1072.5,1072.5,0.0,1072.5,0
2025-07-31,1069.0,1069.0,1069.0,1069.0,0.0,1069.0,0
2025-08-01,1071.0,1071.0,1071.0,1071.0,0.0,1071.0,0
2025-08-04,1077.0,1077.0,1077.0,1077.0,0.0,1077.0,0
2025-08-05,1071.5,1071.5,1071.5,1071.5,0.0,1071.5,0
2025-08-06,1064.75,1064.75,1064.75,1064.75,0.0,1064.75,0
2025-08-07,1071.25,1071.25,1071.25,1071.25,0.0,1071.25,0
2025-08-08,1064.75,1064.75,1064.75,1064.75,0.0,1064.75,0
2025-08-11,1077.25,1077.25,1077.25,1077.25,0.0,1077.25,0
2025-08-12,1086.0,1086.0,1086.0,1086.0,0.0,1086.0,0
2025-08-13,1089.25,1089.25,1089.25,1089.25,0.0,1089.25,0
2025-08-14,1081.5,1081.5,1081.5,1081.5,0.0,1081.5,0
2025-08-15,1089.0,1089.0,1089.0,1089.0,0.0,1089.0,0
2025-08-18,1089.25,1089.25,1089.25,1089.25,0.0,1089.25,0
2025-08-19,1084.25,1084.25,1084.25,1084.25,0.0,1084.25,0
2025-08-20,1085.75,1085.75,1085.75,1085.75,0.0,1085.75,0
2025-08-21,1092.0,1092.0,1092.0,1092.0,0.0,1092.0,0
2025-08-22,1094.5,1094.5,1094.5,1094.5,0.0,1094.5,0
2025-08-25,1091.25,1091.25,1091.25,1091.25,0.0,1091.25,0
2025-08-26,1093.25,1093.25,1093.25,1093.25,0.0,1093.25,0
2025-08-27,1091.25,1091.25,1091.25,1091.25,0.0,1091.25,0
2025-08-28,1093.0,1093.0,1093.0,1093.0,0.0,1093.0,0
2025-08-29,1099.25,1099.25,1099.25,1099.25,0.0,1099.25,0
2025-09-02,1096.25,1096.25,1096.25,1096.25,0.0,1096.25,0
2025-09-03,1088.75,1088.75,1088.75,1088.75,0.0,1088.75,0
2025-09-04,1089.25,1089.25,1089.25,1089.25,0.0,1089.25,0
2025-09-05,1086.75,1086.75,1086.75,1086.75,0.0,1086.75,0
2025-09-08,1090.75,1090.75,1090.75,1090.75,0.0,1090.75,0
2025-09-09,1089.25,1089.25,1089.25,1089.25,0.0,1089.25,0
2025-09-10,1086.0,1086.0,1086.0,1086.0,0.0,1086.0,0
2025-09-11,1094.0,1094.0,1094.0,1094.0,0.0,1094.0,0
2025-09-12,1100.25,1100.25,1100.25,1100.25,0.0,1100.25,0
2025-09-15,1097.75,1097.75,1097.75,1097.75,0.0,1097.75,0
2025-09-16,1106.0,1106.0,1106.0,1106.0,0.0,1106.0,0
2025-09-17,1102.0,1102.0,1102.0,1102.0,0.0,1102.0,0
2025-09-18,1098.0,1098.0,1098.0,1098.0,0.0,1098.0,0
2025-09-19,1088.5,1088.5,1088.5,1088.5,0.0,1088.5,0
2025-09-22,1080.0,1080.0,1080.0,1080.0,0.0,1080.0,0
2025-09-23,1082.75,1082.75,1082.75,1082.75,0.0,1082.75,0
2025-09-24,1081.75,1081.75,1081.75,1081.75,0.0,1081.75,0
2025-09-25,1080.25,1080.25,1080.25,1080.25,0.0,1080.25,0
2025-09-26,1081.75,1081.75,1081.75,1081.75,0.0,1081.75,0
2025-09-29,1082.0,1082.0,1082.0,1082.0,0.0,1082.0,0
2025-09-30,1072.75,1076.0,1072.75,1074.75,12.0,1073.75,8
2025-10-01,1082.25,1082.25,1082.25,1082.25,0.0,1082.25,0
2025-10-02,1089.25,1089.25,1089.25,1089.25,0.0,1089.25,0
2025-10-03,1085.0,1085.0,1085.0,1085.0,0.0,1085.0,0
2025-10-06,1085.25,1085.25,1085.25,1085.25,0.0,1085.25,0
2025-10-07,1088.0,1088.0,1088.0,1088.0,0.0,1088.0,0
2025-10-08,1090.5,1090.5,1090.5,1090.5,0.0,1090.5,0
2025-10-09,1086.75,1086.75,1086.75,1086.75,0.0,1086.75,0
2025-10-10,1076.0,1076.0,1076.0,1076.0,0.0,1076.0,0
2025-10-13,1076.75,1076.75,1076.75,1076.75,0.0,1076.75,0
2025-10-14,1074.0,1074.0,1074.0,1074.0,0.0,1074.0,0
2025-10-15,1074.5,1074.5,1074.5,1074.5,0.0,1074.5,0
2025-10-16,1076.25,1076.25,1076.25,1076.25,0.0,1076.25,0
2025-10-17,1083.0,1083.0,1083.0,1083.0,0.0,1083.0,0
2025-10-20,1092.75,1092.75,1092.75,1092.75,0.0,1092.75,0
2025-10-21,1091.75,1091.75,1091.75,1091.75,0.0,1091.75,0
2025-10-22,1089.0,1089.0,1089.0,1089.0,0.0,1089.0,0
2025-10-23,1097.75,1097.75,1097.75,1097.75,0.0,1097.75,0
2025-10-24,1097.75,1097.75,1097.75,1097.75,0.0,1097.75,0
2025-10-27,1111.0,1111.0,1111.0,1111.0,0.0,1111.0,0
2025-10-28,1117.75,1117.75,1117.75,1117.75,0.0,1117.75,0
2025-10-29,1112.25,1112.25,1112.25,1112.25,0.0,1112.25,0
2025-10-30,1109.5,1109.5,1109.5,1109.5,0.0,1109.5,0
2025-10-31,1114.25,1114.25,1114.25,1114.25,0.0,1114.25,0
2025-11-03,1120.5,1120.5,1120.5,1120.5,0.0,1120.5,0
2025-11-04,1114.0,1114.0,1114.0,1114.0,0.0,1114.0,0
2025-11-05,1119.75,1119.75,1119.75,1119.75,0.0,1119.75,0
2025-11-06,1106.75,1106.75,1106.75,1106.75,0.0,1106.75,0
2025-11-07,1110.5,1110.5,1110.5,1110.5,0.0,1110.5,0
2025-11-10,1120.25,1120.25,1120.25,1120.25,0.0,1120.25,0
2025-11-11,1120.25,1120.25,1120.25,1120.25,0.0,1120.25,0
2025-11-12,1123.75,1123.75,1123.75,1123.75,0.0,1123.75,0
2025-11-13,1126.5,1126.5,1126.5,1126.5,0.0,1126.5,0
2025-11-14,1123.25,1123.25,1123.25,1123.25,0.0,1123.25,0
2025-11-17,1132.75,1132.75,1132.75,1132.75,0.0,1132.75,0
2025-11-18,1130.75,1130.75,1130.75,1130.75,0.0,1130.75,0
2025-11-19,1124.25,1124.25,1124.25,1124.25,0.0,1124.25,0
2025-11-20,1121.0,1121.0,1121.0,1121.0,0.0,1121.0,0
2025-11-21,1118.75,1118.75,1118.75,1118.75,0.0,1118.75,0
2025-11-24,1123.0,1123.0,1123.0,1123.0,0.0,1123.0,0
2025-11-25,1125.75,1125.75,1125.75,1125.75,0.0,1125.75,0
2025-11-26,1126.0,1126.0,1126.0,1126.0,0.0,1126.0,0
2025-11-28,1128.0,1128.0,1128.0,1128.0,0.0,1128.0,0
2025-12-01,1126.25,1126.25,1126.25,1126.25,0.0,1126.25,0
2025-12-02,1124.25,1124.25,1124.25,1124.25,0.0,1124.25,0
2025-12-03,1117.75,1117.75,1117.75,1117.75,0.0,1117.75,0
2025-12-04,1118.25,1118.25,1118.25,1118.25,0.0,1118.25,0
2025-12-05,1121.75,1122.0,1109.25,1109.25,7.0,1120.475,5
2025-12-08,1109.5,1109.5,1109.5,1109.5,0.0,1109.5,0
2025-12-09,1103.25,1103.25,1103.25,1103.25,0.0,1103.25,0
2025-12-10,1105.25,1107.75,1105.25,1106.0,7.0,1106.25,7
2025-12-11,1108.25,1108.25,1108.25,1108.25,0.0,1108.25,0
2025-12-12,1100.25,1100.25,1100.25,1100.25,0.0,1100.25,0
2025-12-15,1100.5,1100.5,1100.5,1100.5,0.0,1100.5,0
2025-12-16,1095.0,1095.0,1095.0,1095.0,0.0,1095.0,0
2025-12-17,1088.75,1088.75,1088.75,1088.75,0.0,1088.75,0
2025-12-18,1084.5,1084.5,1084.5,1084.5,0.0,1084.5,0
2025-12-19,1081.0,1081.0,1081.0,1081.0,0.0,1081.0,0
2025-12-22,1081.0,1083.25,1081.0,1083.25,3.0,1081.325,3
2025-12-23,1084.0,1084.0,1084.0,1084.0,0.0,1084.0,0
2025-12-24,1094.0,1094.0,1094.0,1094.0,0.0,1094.0,0
2025-12-26,1096.0,1096.0,1088.75,1091.25,3.0,1091.325,3
2025-12-29,1086.5,1086.5,1086.5,1086.5,0.0,1086.5,0
2025-12-30,1085.75,1085.75,1085.75,1085.75,0.0,1085.75,0
2025-12-31,1076.5,1076.5,1076.5,1076.5,0.0,1076.5,0
2026-01-02,1076.0,1076.0,1076.0,1076.0,0.0,1076.0,0
2026-01-05,1088.0,1088.0,1088.0,1088.0,0.0,1088.0,0
2026-01-06,1081.5,1081.5,1081.5,1081.5,0.0,1081.5,0
2026-01-07,1087.75,1087.75,1087.75,1087.75,0.0,1087.75,0
2026-01-08,1086.75,1086.75,1086.75,1086.75,0.0,1086.75,0
2026-01-09,1086.25,1086.25,1086.25,1086.25,0.0,1086.25,0
2026-01-12,1086.75,1086.75,1086.75,1086.75,0.0,1086.75,0
2026-01-13,1080.75,1080.75,1080.75,1080.75,0.0,1080.75,0
2026-01-14,1079.0,1079.0,1079.0,1079.0,0.0,1079.0,0
2026-01-15,1083.25,1083.25,1083.25,1083.25,0.0,1083.25,0
2026-01-16,1087.25,1087.25,1087.25,1087.25,0.0,1087.25,0
2026-01-20,1084.75,1084.75,1083.25,1083.25,1.0,1084.75,1
2026-01-21,1092.25,1092.25,1092.25,1092.25,0.0,1092.25,0
2026-01-22,1096.0,1096.0,1096.0,1096.0,0.0,1096.0,0
2026-01-23,1100.25,1100.25,1100.25,1100.25,0.0,1100.25,0
2026-01-26,1098.0,1098.0,1098.0,1098.0,0.0,1098.0,0
2026-01-27,1101.0,1101.0,1101.0,1101.0,0.0,1101.0,0
2026-01-28,1108.0,1108.0,1108.0,1108.0,0.0,1108.0,0
2026-01-29,1108.5,1108.5,1108.5,1108.5,0.0,1108.5,0
2026-01-30,1100.5,1100.5,1100.5,1100.5,0.0,1100.5,0
2026-02-02,1096.25,1096.25,1096.25,1096.25,0.0,1096.25,0
2026-02-03,1099.0,1099.0,1099.0,1099.0,0.0,1099.0,0
2026-02-04,1110.5,1110.5,1104.0,1104.0,30.0,1109.975,23
2026-02-05,1111.5,1111.5,1111.5,1111.5,0.0,1111.5,0
2026-02-06,1104.75,1104.75,1104.75,1104.75,0.0,1104.75,0
2026-02-09,1107.75,1107.75,1107.75,1107.75,0.0,1107.75,0
2026-02-10,1118.75,1118.75,1118.75,1118.75,0.0,1118.75,0
2026-02-11,1121.75,1121.75,1121.75,1121.75,0.0,1121.75,0
2026-02-12,1123.5,1123.5,1123.5,1123.5,0.0,1123.5,0
2026-02-13,1121.5,1121.5,1121.5,1121.5,0.0,1121.5,0
2026-02-17,1117.5,1126.0,1117.5,1126.0,5.0,1123.1,5
2026-02-18,1125.5,1125.5,1125.5,1125.5,0.0,1125.5,0
2026-02-19,1128.25,1128.25,1128.25,1128.25,0.0,1128.25,0
2026-02-20,1128.5,1128.5,1128.5,1128.5,0.0,1128.5,0
2026-02-23,1128.0,1128.75,1128.0,1128.75,1.0,1128.0,1
2026-02-24,1128.0,1132.25,1128.0,1132.25,1.0,1128.0,1
2026-02-25,1136.75,1136.75,1136.75,1136.75,0.0,1136.75,0
2026-02-26,1134.75,1134.75,1134.75,1134.75,0.0,1134.75,0
2026-02-27,1133.75,1134.5,1133.75,1134.5,1.0,1133.75,1
2026-03-02,1137.25,1137.25,1137.25,1137.25,0.0,1137.25,0
2026-03-03,1136.75,1136.75,1136.75,1136.75,0.0,1136.75,0
2026-03-04,1136.0,1136.0,1136.0,1136.0,0.0,1136.0,0
2026-03-05,1138.5,1139.25,1138.5,1139.25,1.0,1138.5,1
2026-03-06,1145.75,1145.75,1144.5,1144.75,5.0,1145.1,5
2026-03-09,1157.25,1161.25,1148.0,1148.0,6.0,1157.575,6
2026-03-10,1152.0,1152.0,1152.0,1152.0,0.0,1152.0,0
2026-03-11,1151.0,1159.75,1151.0,1159.75,1.0,1151.0,1
2026-03-12,1162.0,1163.75,1162.0,1163.75,10.0,1162.0,1
2026-03-13,1157.5,1157.5,1157.5,1157.5,0.0,1157.5,0
2026-03-16,1129.5,1129.5,1129.5,1129.5,0.0,1129.5,0
2026-03-17,1139.25,1139.25,1139.25,1139.25,0.0,1139.25,0
2026-03-18,1147.0,1147.0,1147.0,1147.0,0.0,1147.0,0
2026-03-19,1147.25,1147.25,1147.25,1147.25,0.0,1147.25,0
2026-03-20,1138.0,1141.0,1137.0,1141.0,4.0,1137.75,4
2026-03-23,1143.0,1145.75,1143.0,1145.75,10.0,1143.25,3
2026-03-24,1141.25,1141.25,1141.25,1141.25,0.0,1141.25,0
2026-03-25,1146.5,1149.0,1146.5,1149.0,4.0,1146.5,1
2026-03-26,1154.75,1154.75,1153.75,1153.75,3.0,1154.75,3
2026-03-27,1148.5,1148.5,1148.5,1148.5,0.0,1148.5,0
2026-03-30,1149.0,1149.0,1146.25,1147.5,32.0,1146.8,19
2026-03-31,1147.5,1155.75,1142.75,1155.25,363.0,1146.225,194
2026-04-01,1155.25,1155.25,1155.25,1155.25,0.0,1155.25,0
2026-04-02,1154.5,1154.5,1154.5,1154.5,0.0,1154.5,0
2026-04-06,1158.0,1158.0,1157.75,1157.75,1.0,1158.0,1
2026-04-07,1156.5,1156.5,1152.5,1152.5,1.0,1156.5,1
2026-04-08,1154.25,1154.25,1154.25,1154.25,0.0,1154.25,0
2026-04-09,1157.0,1157.5,1156.5,1157.5,11.0,1156.575,4
2026-04-10,1163.0,1163.0,1163.0,1163.0,0.0,1163.0,0
2026-04-13,1165.0,1165.25,1156.25,1156.25,15.0,1163.775,14
2026-04-14,1151.75,1151.75,1151.75,1151.75,0.0,1151.75,0
2026-04-15,1161.5,1161.5,1161.5,1161.5,0.0,1161.5,0
2026-04-16,1162.5,1162.5,1162.5,1162.5,0.0,1162.5,0
2026-04-17,1165.0,1166.0,1165.0,1166.0,1.0,1165.0,1
2026-04-20,1166.25,1168.75,1166.25,1167.75,15.0,1167.625,15
2026-04-21,1176.0,1176.0,1176.0,1176.0,0.0,1176.0,0
2026-04-22,1180.0,1180.0,1166.5,1166.5,1.0,1180.0,1
2026-04-23,1164.0,1164.75,1161.75,1163.75,44.0,1163.2,19
2026-04-24,1161.5,1164.25,1161.5,1164.25,1.0,1161.5,1
2026-04-27,1164.0,1173.0,1164.0,1171.0,39.0,1169.95,21
2026-04-28,1170.5,1171.5,1170.5,1171.5,3.0,1170.75,3
2026-04-29,1177.0,1177.0,1173.75,1173.75,74.0,1174.125,56
2026-04-30,1172.75,1176.5,1172.75,1176.25,83.0,1174.425,64
2026-05-01,1190.0,1190.0,1189.0,1189.0,2.0,1189.5,2
2026-05-04,1191.25,1198.5,1191.0,1194.5,45.0,1193.65,30
2026-05-05,1193.5,1193.75,1190.0,1190.0,40.0,1192.85,20
2026-05-06,1178.5,1178.5,1178.5,1178.5,0.0,1178.5,0
2026-05-07,1174.0,1177.5,1174.0,1177.5,6.0,1174.75,4
2026-05-08,1180.25,1189.5,1180.25,1188.5,19.0,1187.35,18
2026-05-11,1193.5,1193.5,1192.75,1193.25,2.0,1193.125,2
2026-05-12,1201.0,1202.0,1201.0,1202.0,1.0,1201.0,1
2026-05-13,1202.25,1207.75,1201.25,1202.75,27.0,1202.825,22
2026-05-14,1183.75,1183.75,1183.75,1183.75,0.0,1183.75,0
2026-05-15,1176.25,1176.25,1172.5,1175.25,9.0,1174.35,9
2026-05-18,1176.5,1200.25,1176.5,1197.5,9.0,1192.175,9
2026-05-19,1200.0,1202.75,1197.25,1199.25,14.0,1200.325,9
2026-05-20,1193.75,1193.75,1193.75,1193.75,0.0,1193.75,0
2026-05-21,1190.75,1192.5,1186.25,1188.25,8.0,1190.15,6
2026-05-22,1188.75,1190.0,1188.75,1190.0,6.0,1188.75,1
2026-05-26,1186.5,1186.5,1186.5,1186.5,0.0,1186.5,0
2026-05-27,1189.5,1189.5,1185.25,1185.25,3.0,1188.675,2
2026-05-28,1191.75,1199.75,1191.75,1199.75,11.0,1192.825,4
2026-05-29,1197.75,1197.75,1197.75,1197.75,0.0,1197.75,0
2026-06-01,1201.0,1201.0,1196.0,1198.75,13.0,1198.725,8
2026-06-02,1196.75,1196.75,1193.25,1193.25,3.0,1196.325,2
2026-06-03,1192.25,1196.5,1184.5,1184.5,13.0,1192.375,9
2026-06-04,1182.75,1182.75,1162.75,1162.75,1.0,1182.75,1
2026-06-05,1163.0,1163.0,1159.5,1159.5,2.0,1163.0,2
2026-06-08,1158.75,1159.5,1154.0,1157.5,56.0,1156.9,20
2026-06-09,1155.0,1155.0,1153.25,1154.5,2.0,1154.125,2
2026-06-10,1158.75,1159.5,1157.5,1159.5,8.0,1158.75,5
2026-06-11,1159.25,1159.25,1153.25,1158.0,13.0,1156.675,10
2026-06-12,1158.0,1158.0,1158.0,1158.0,0.0,1158.0,0
2026-06-15,1150.0,1160.75,1150.0,1160.75,6.0,1155.25,5
2026-06-16,1174.5,1175.0,1169.25,1169.25,5.0,1174.5,5
2026-06-17,1178.5,1178.75,1171.5,1171.5,12.0,1178.475,12
2026-06-18,1167.5,1167.75,1162.5,1164.5,50.0,1166.7,20
2026-06-22,1165.5,1165.5,1165.5,1165.5,0.0,1165.5,0
2026-06-23,1168.25,1168.25,1164.0,1164.25,14.0,1165.325,6
2026-06-24,1156.5,1156.5,1154.0,1155.75,3.0,1155.675,3
2026-06-25,1163.0,1174.25,1163.0,1174.25,2.0,1167.5,2
2026-06-26,1169.0,1173.5,1169.0,1173.0,5.0,1169.9,3
2026-06-29,1158.75,1159.75,1158.75,1159.75,1.0,1158.75,1
2026-06-30,1160.25,1176.25,1151.0,1170.25,141.0,1165.45,115
2026-07-01,1171.25,1182.25,1171.0,1173.75,43.0,1175.825,33
2026-07-02,1174.75,1178.5,1170.0,1170.0,18.0,1174.15,15
2026-07-06,1179.25,1209.25,1179.25,1202.0,258.0,1201.125,165
2026-07-07,1199.0,1207.25,1199.0,1206.25,140.0,1203.15,107
2026-07-08,1205.25,1211.5,1199.5,1202.0,89.0,1206.875,72
2026-07-09,1201.0,1201.75,1194.5,1198.5,81.0,1199.05,62
2026-07-10,1197.25,1211.0,1192.75,1203.25,93.0,1202.075,76
2026-07-13,1216.5,1216.5,1204.5,1207.75,237.0,1209.825,124
2026-07-14,1202.5,1208.0,1200.5,1206.75,112.0,1205.8,95
2026-07-15,1211.25,1217.0,1204.25,1216.25,97.0,1212.45,63
2026-07-16,1218.0,1219.75,1208.5,1209.25,76.0,1213.725,52
2026-07-17,1212.25,1215.5,1201.5,1214.5,88.0,1210.925,62
2026-07-20,1221.75,1235.0,1220.25,1230.25,294.0,1228.575,130
2026-07-21,1225.0,1234.0,1225.0,1231.25,132.0,1228.8,95
2026-07-22,1233.0,1243.0,1228.0,1243.0,209.0,1239.225,102
2026-07-23,1243.0,1247.5,1239.5,1242.75,104.0,1244.1,74
2026-07-24,1242.75,1251.75,1237.25,1245.5,222.0,1245.2,150
2026-07-27,1240.75,1240.75,1214.25,1219.0,316.0,1225.35,197
2026-07-28,1219.75,1227.25,1214.0,1224.5,197.0,1221.8,142
2026-07-29,1228.0,1228.0,1201.5,1205.25,147.0,1209.975,113
2026-07-30,1204.25,1208.0,1198.75,1203.0,116.0,1204.425,80
2026-07-31,1202.0,1208.0,1194.75,1198.5,151.0,1201.125,111
2026-08-03,1196.0,1207.5,1190.5,1205.5,64.0,1199.875,53
2026-08-04,1208.25,1208.25,1191.5,1198.75,98.0,1195.625,81
2026-08-05,1194.75,1200.25,1190.25,1198.0,87.0,1194.875,66
2026-08-06,1199.75,1200.5,1194.25,1198.75,36.0,1198.45,27
2026-08-07,1196.5,1203.5,1196.25,1198.25,157.0,1200.325,127
2026-08-10,1199.5,1205.0,1197.75,1202.75,192.0,1201.975,160
2026-08-11,1205.0,1205.25,1192.5,1195.25,244.0,1197.975,199
2026-08-12,1196.25,1211.5,1196.25,1205.5,812.0,1200.7,535
2026-08-13,1205.0,1208.5,1201.75,1204.5,348.0,1205.075,278
2026-08-14,1206.0,1212.0,1203.5,1210.25,278.0,1207.5,203
